﻿<?xml version="1.0"?>
<NAME>
    <INFO>
        <name>Charles</name>
        <lastName>Babbage</lastName>
        <gender>male</gender>
        <dateOfBirth>1791</dateOfBirth>
        <deceased>1871</deceased>
    </INFO>
    <INFO>
        <name>Ada</name>
        <lastName>Lovelace</lastName>
        <gender>female</gender>
        <dateOfBirth>1815</dateOfBirth>
        <deceased>1852</deceased>
    </INFO>
    <INFO>
        <name>Alan</name>
        <lastName>Turing</lastName>
        <gender>male</gender>
        <dateOfBirth>1912</dateOfBirth>
        <deceased>1954</deceased>
    </INFO>
    <INFO>
        <name>Jean</name>
        <lastName>Bartik</lastName>
        <gender>male</gender>
        <dateOfBirth>1903</dateOfBirth>
        <deceased>2011</deceased>
    </INFO>
    <INFO>
        <name>John</name>
        <lastName>von Neumann</lastName>
        <gender>male</gender>
        <dateOfBirth>1903</dateOfBirth>
        <deceased>1957</deceased>
    </INFO>
    <INFO>
        <name>Linus</name>
        <lastName>Torvald</lastName>
        <gender>male</gender>
        <dateOfBirth>1969</dateOfBirth>
        <deceased>N/A</deceased>
    </INFO>
    <INFO>
        <name>Tim</name>
        <lastName>Berners-Lee</lastName>
        <gender>male</gender>
        <dateOfBirth>1955</dateOfBirth>
        <deceased>N/A</deceased>
    </INFO>
    <INFO>
        <name>Dougles</name>
        <lastName>Engelbart</lastName>
        <gender>male</gender>
        <dateOfBirth>1925</dateOfBirth>
        <deceased>2013</deceased>
    </INFO>
    <INFO>
        <name>Maragret</name>
        <lastName>Hamilton</lastName>
        <gender>female</gender>
        <dateOfBirth>1936</dateOfBirth>
        <deceased>N/A</deceased>
    </INFO>
    <INFO>
        <name>Max</name>
        <lastName>Newman</lastName>
        <gender>male</gender>
        <dateOfBirth>1897</dateOfBirth>
        <deceased>1984</deceased>
    </INFO>
    <INFO>
        <name>Sophie</name>
        <lastName>Wilson</lastName>
        <gender>female</gender>
        <dateOfBirth>1957</dateOfBirth>
        <deceased>N/A</deceased>
    </INFO>
    <INFO>
        <name>Emil L.</name>
        <lastName>Post</lastName>
        <gender>male</gender>
        <dateOfBirth>1897</dateOfBirth>
        <deceased>1954</deceased>
    </INFO>
    <INFO>
        <name>John</name>
        <lastName>Atanasoff</lastName>
        <gender>male</gender>
        <dateOfBirth>1903</dateOfBirth>
        <deceased>1995</deceased>
    </INFO>
    <INFO>
        <name>John</name>
        <lastName>Backus</lastName>
        <gender>male</gender>
        <dateOfBirth>1924</dateOfBirth>
        <deceased>2007</deceased>
    </INFO>
    <INFO>
        <name>David</name>
        <lastName>Caminer</lastName>
        <gender>male</gender>
        <dateOfBirth>1915</dateOfBirth>
        <deceased>2008</deceased>
    </INFO>
    <INFO>
        <name>Stephen</name>
        <lastName>Cook</lastName>
        <gender>male</gender>
        <dateOfBirth>1939</dateOfBirth>
        <deceased>N/A</deceased>
    </INFO>
    <INFO>
        <name>Edgar</name>
        <lastName>Dijkstra</lastName>
        <gender>male</gender>
        <dateOfBirth>1930</dateOfBirth>
        <deceased>2002</deceased>
    </INFO>
    <INFO>
        <name>Tommy</name>
        <lastName>Flowers</lastName>
        <gender>male</gender>
        <dateOfBirth>1905</dateOfBirth>
        <deceased>1998</deceased>
    </INFO>
    <INFO>
        <name>Seymour</name>
        <lastName>Ginsburg</lastName>
        <gender>male</gender>
        <dateOfBirth>1927</dateOfBirth>
        <deceased>2004</deceased>
    </INFO>
    <INFO>
        <name>Lois</name>
        <lastName>Habit</lastName>
        <gender>male</gender>
        <dateOfBirth>1934</dateOfBirth>
        <deceased>N/A</deceased>
    </INFO>
</NAME>
